{
  "Solo Da\u00f1os": {
    "precision": 0.9264929066314748,
    "recall": 0.8771239380309845,
    "f1-score": 0.9011327535859833,
    "support": 48024.0
  },
  "Con Heridos": {
    "precision": 0.7791480242132571,
    "recall": 0.6090342679127726,
    "f1-score": 0.6836679148178084,
    "support": 34026.0
  },
  "Con Muertos": {
    "precision": 0.08756400242992277,
    "recall": 0.657328990228013,
    "f1-score": 0.15454127737785267,
    "support": 1535.0
  },
  "accuracy": 0.7639528623556858,
  "macro avg": {
    "precision": 0.5977349777582182,
    "recall": 0.7144957320572568,
    "f1-score": 0.5797806485938816,
    "support": 83585.0
  },
  "weighted avg": {
    "precision": 0.8511048245938883,
    "recall": 0.7639528623556858,
    "f1-score": 0.7988957909742062,
    "support": 83585.0
  }
}