{
  "Con_Moto": 0.2942895833787146,
  "Clase_Acc_n": 0.19985708863006835,
  "Con_Peaton": 0.16068071376560478,
  "Con_Bicicleta": 0.14805829103655896,
  "Hora_Acc": 0.060623330355886774,
  "Con_Carga": 0.04899407950352069,
  "Con_Velocidad": 0.030013936940459063,
  "Localidad_n": 0.020539874202267744,
  "Con_Taxi": 0.015321818240057428,
  "Dia_Semana_n": 0.013916231510866841
}